method,quality,percent
NTP,Very good,3.6443148688046647
NTP,Good,3.9358600583090384
NTP,Mediocre,3.061224489795918
NTP,Bad,12.682215743440233
NTP,Very bad,76.67638483965014
FA,Very good,2.3323615160349855
FA,Good,4.373177842565598
FA,Mediocre,3.6443148688046647
FA,Bad,11.224489795918368
FA,Very bad,78.4256559766764
Linear,Very good,34.11078717201166
Linear,Good,32.94460641399417
Linear,Mediocre,19.096209912536445
Linear,Bad,13.119533527696792
Linear,Very bad,0.7288629737609329
Random,Very good,21.32653061224489
Random,Good,19.103498542274057
Random,Mediocre,17.346938775510203
Random,Bad,32.77696793002916
Random,Very bad,9.446064139941692
