model_key,model_label,question,question_label,series,mode,overall_nEMD,survey_median_pairwise_nEMD,model_median_pairwise_nEMD,compression
muse_glimmer_30b,Muse-Glimmer-30B,d_happy,Happiness,Mixtral archived,NTP,0.03077057395501,0.1146384479717813,0.0327289121563633,3.502666004421194
muse_glimmer_30b,Muse-Glimmer-30B,d_happy,Happiness,Mixtral archived,FA,0.0354232895033925,0.1146384479717813,0.056471105251593,2.0300372635003003
muse_glimmer_30b,Muse-Glimmer-30B,d_happy,Happiness,Mixtral fresh,NTP,0.0298899241915598,0.1146384479717813,0.032715006440181,3.504154834308113
muse_glimmer_30b,Muse-Glimmer-30B,d_happy,Happiness,Mixtral fresh,FA,0.0406892117768514,0.1146384479717813,0.0536616161616161,2.136321195144727
muse_glimmer_30b,Muse-Glimmer-30B,d_happy,Happiness,base,NTP,0.046516050223613,0.1146384479717813,0.0364043237527616,3.1490338551635624
muse_glimmer_30b,Muse-Glimmer-30B,d_happy,Happiness,base,FA,0.0628870603050678,0.1146384479717813,0.0550065876152832,2.0840857966606494
muse_glimmer_30b,Muse-Glimmer-30B,d_happy,Happiness,german,NTP,0.087631308748872,0.1146384479717813,0.0344872033445695,3.3240865264255404
muse_glimmer_30b,Muse-Glimmer-30B,d_happy,Happiness,german,FA,0.0965774350131958,0.1146384479717813,0.0482993197278912,2.373500260824202
muse_glimmer_30b,Muse-Glimmer-30B,d_happy,Happiness,spanish-mx,NTP,0.0390297767527132,0.1146384479717813,0.0328939301003406,3.485094290104127
muse_glimmer_30b,Muse-Glimmer-30B,d_happy,Happiness,spanish-mx,FA,0.062395844839624,0.1146384479717813,0.0462962962962964,2.4761904761904705
muse_glimmer_30b,Muse-Glimmer-30B,d_polpos,Politics,Mixtral archived,NTP,0.0270071510746989,0.1076280041797282,0.0189394002789724,5.682756718501955
muse_glimmer_30b,Muse-Glimmer-30B,d_polpos,Politics,Mixtral archived,FA,0.0473620325653194,0.1076280041797282,0.0696969696969697,1.5442278860569698
muse_glimmer_30b,Muse-Glimmer-30B,d_polpos,Politics,Mixtral fresh,NTP,0.0267943810636055,0.1076280041797282,0.0188648124818814,5.705225232591042
muse_glimmer_30b,Muse-Glimmer-30B,d_polpos,Politics,Mixtral fresh,FA,0.0499317421140142,0.1076280041797282,0.0682261208576998,1.577519032691445
muse_glimmer_30b,Muse-Glimmer-30B,d_polpos,Politics,base,NTP,0.0728042006772631,0.1076280041797282,0.0329248837567161,3.268895494817775
muse_glimmer_30b,Muse-Glimmer-30B,d_polpos,Politics,base,FA,0.0821848914495549,0.1076280041797282,0.0755536257056014,1.4245246760110002
muse_glimmer_30b,Muse-Glimmer-30B,d_polpos,Politics,german,NTP,0.0269627588849491,0.1076280041797282,0.0502685171964585,2.1410618451126857
muse_glimmer_30b,Muse-Glimmer-30B,d_polpos,Politics,german,FA,0.091623632291876,0.1076280041797282,0.0759906759906759,1.4163317114448912
muse_glimmer_30b,Muse-Glimmer-30B,d_polpos,Politics,spanish-mx,NTP,0.0648151405971673,0.1076280041797282,0.0258192677267656,4.168514975665069
muse_glimmer_30b,Muse-Glimmer-30B,d_polpos,Politics,spanish-mx,FA,0.0245751847388074,0.1076280041797282,0.069359445124439,1.551742577908905
muse_glimmer_30b,Muse-Glimmer-30B,d_religiousp,Religion,Mixtral archived,NTP,0.1842161272508325,0.173656798245614,0.0320392193241139,5.420132010361234
muse_glimmer_30b,Muse-Glimmer-30B,d_religiousp,Religion,Mixtral archived,FA,0.097010335079692,0.173656798245614,0.0800724637681159,2.168745534651108
muse_glimmer_30b,Muse-Glimmer-30B,d_religiousp,Religion,Mixtral fresh,NTP,0.1851597194420934,0.173656798245614,0.0321456680339842,5.402183524760634
muse_glimmer_30b,Muse-Glimmer-30B,d_religiousp,Religion,Mixtral fresh,FA,0.204114058854521,0.173656798245614,0.0788617886178861,2.2020398128052103
muse_glimmer_30b,Muse-Glimmer-30B,d_religiousp,Religion,base,NTP,0.1006859802390689,0.173656798245614,0.1163719071055765,1.4922570452340076
muse_glimmer_30b,Muse-Glimmer-30B,d_religiousp,Religion,base,FA,0.1792791247987251,0.173656798245614,0.136853448275862,1.2689252659207078
muse_glimmer_30b,Muse-Glimmer-30B,d_religiousp,Religion,german,NTP,0.1456389523655298,0.173656798245614,0.0920391928820219,1.8867701118175986
muse_glimmer_30b,Muse-Glimmer-30B,d_religiousp,Religion,german,FA,0.2317878539943107,0.173656798245614,0.0998085862729012,1.7398983868060574
muse_glimmer_30b,Muse-Glimmer-30B,d_religiousp,Religion,spanish-mx,NTP,0.0504377270839759,0.173656798245614,0.12980578384508,1.3378201887588392
muse_glimmer_30b,Muse-Glimmer-30B,d_religiousp,Religion,spanish-mx,FA,0.1157652940783416,0.173656798245614,0.1742165242165242,0.9967871820803029
muse_glimmer_30b,Muse-Glimmer-30B,d_trust,Trust,Mixtral archived,NTP,0.1010572672154485,0.1558620689655172,0.0631423117580086,2.4684251277155456
muse_glimmer_30b,Muse-Glimmer-30B,d_trust,Trust,Mixtral archived,FA,0.3006252089212691,0.1558620689655172,0.0902255639097744,1.727471264367816
muse_glimmer_30b,Muse-Glimmer-30B,d_trust,Trust,Mixtral fresh,NTP,0.1007185053921778,0.1558620689655172,0.0634364192752581,2.456980875437078
muse_glimmer_30b,Muse-Glimmer-30B,d_trust,Trust,Mixtral fresh,FA,0.1193124332643253,0.1558620689655172,0.1,1.5586206896551718
muse_glimmer_30b,Muse-Glimmer-30B,d_trust,Trust,base,NTP,0.2615331361915775,0.1558620689655172,0.0679253989423324,2.294606603604075
muse_glimmer_30b,Muse-Glimmer-30B,d_trust,Trust,base,FA,0.3175259909530693,0.1558620689655172,0.1122694466720128,1.3882857142857141
muse_glimmer_30b,Muse-Glimmer-30B,d_trust,Trust,german,NTP,0.2858640027978249,0.1558620689655172,0.0808570040615866,1.9276260699295915
muse_glimmer_30b,Muse-Glimmer-30B,d_trust,Trust,german,FA,0.3421359016309537,0.1558620689655172,0.1257318952234206,1.2396382691007437
muse_glimmer_30b,Muse-Glimmer-30B,d_trust,Trust,spanish-mx,NTP,0.1314064351251714,0.1558620689655172,0.0474195938000363,3.2868706050661674
muse_glimmer_30b,Muse-Glimmer-30B,d_trust,Trust,spanish-mx,FA,0.2228297232091013,0.1558620689655172,0.1666666666666666,0.9351724137931035
