mode,model,predictor,estimate,std_error,ci_low,ci_high,p_value
ntp,full_standardized,const,0.18874951408959112,0.0005458607105090224,0.18767762598869547,0.18982140219048677,0.0
ntp,full_standardized,nEMD_center,0.11189140969715532,0.0011395731786726683,0.10965366862731353,0.1141291507669971,0.0
ntp,full_standardized,countryAustralia,-0.005203440882000835,0.0009176422555344929,-0.007005383750666423,-0.003401498013335248,2.154203060442188e-08
ntp,full_standardized,countryGermany,-0.005751350134666972,0.0008273437828106274,-0.0073759769654160295,-0.004126723303917914,8.903082509829253e-12
ntp,full_standardized,countryMexico,-0.004581573208761185,0.000858569950758138,-0.006267517802842748,-0.0028956286146796214,1.3171451812410053e-07
ntp,full_standardized,countryRussia,-0.003978630953741656,0.0008723742713573745,-0.005691682622405437,-0.0022655792850778756,6.1075865443472065e-06
ntp,full_standardized,decade200X,-0.001356774109371722,0.000671288016352874,-0.002674959542302956,-3.858867644048803e-05,0.043678698912351585
ntp,full_standardized,decade199X,-0.00203399232452643,0.0006559733989684593,-0.0033221049644757035,-0.0007458796845771568,0.002015038587792789
ntp,full_standardized,Sex_Female,-0.001021343084218635,0.0006545874565337096,-0.002306734196174166,0.0002640480277368957,0.11918529848348099
ntp,full_standardized,Age_<25,0.0012476777451960724,0.0009259725927450286,-0.0005706231231579241,0.003065978613550069,0.17831903140486435
ntp,full_standardized,Age_25-34,-0.0010405841756524253,0.0007745644322255974,-0.002561569991805768,0.00048040164050091715,0.1796028099992153
ntp,full_standardized,Age_45-54,-0.0008325594851451191,0.0007223497660474415,-0.0022510131382555997,0.0005858941679653613,0.24951543240726323
ntp,full_standardized,Age_55-64,-0.0014258394912585156,0.0007502852700463539,-0.0028991491428910993,4.747016037406795e-05,0.05782879931233477
ntp,full_standardized,Age_65-74,-0.0020090310962423068,0.0009057390131109502,-0.0037875999728431897,-0.0002304622196414236,0.026896331218255735
ntp,full_standardized,Age_75+,-0.001705457164435879,0.000867096568400714,-0.003408145187410578,-2.7691414611801315e-06,0.04962967693484914
ntp,full_standardized,Education_Low,-0.003620601541488732,0.0006510142977854464,-0.004898976163209413,-0.002342226919768051,3.9280818430464666e-08
ntp,full_standardized,Education_Middle,-0.0014498977613585768,0.0005909790252164448,-0.002610383161411827,-0.00028941236130532655,0.01441671265261282
ntp,full_standardized,Employment_Homemaker,0.0011876337620995334,0.0006429736429524167,-7.495169935918923e-05,0.002450219223558256,0.06519323373799214
ntp,full_standardized,Employment_Retired,0.0026441957388106192,0.0010602439198288073,0.0005622308348854264,0.004726160642735813,0.012883496272980495
ntp,full_standardized,Employment_Student,-0.00011193618256734273,0.0006750801594469149,-0.0014375681178409152,0.0012136957527062297,0.8683573471410608
ntp,full_standardized,Employment_Unemployed,0.000815792755719097,0.0005832162388555935,-0.0003294491249347957,0.0019610346363729894,0.16236106820459723
ntp,full_standardized,Marstat_Cohabiting,0.0023224368305722223,0.0006502833416800578,0.001045497562480331,0.003599376098664114,0.0003816021441134689
ntp,full_standardized,Marstat_Divorced or separated,0.004705736539300755,0.0005850980841623717,0.0035567993430595203,0.0058546737355419905,4.247858622831073e-15
ntp,full_standardized,Marstat_Single,0.017601537409621223,0.0008489271658854305,0.01593452802403802,0.019268546795204424,1.720025767854839e-73
ntp,full_standardized,Marstat_Widowed,0.002901448074750369,0.0006838218549025534,0.0015586503696015208,0.004244245779899217,2.5306407134500366e-05
fa,full_standardized,const,0.16660089131042216,0.0016768416961123655,0.16330813433681177,0.16989364828403256,0.0
fa,full_standardized,nEMD_center,0.06667809303719023,0.0027861810508685004,0.06120696412486763,0.07214922194951283,5.77563991023761e-91
fa,full_standardized,countryAustralia,-0.009284778025043093,0.0024133604914232626,-0.014023811892338627,-0.004545744157747558,0.00013138271365531156
fa,full_standardized,countryGermany,-0.006713065132118553,0.0022536774023672176,-0.011138534751652378,-0.002287595512584728,0.0030038253245184775
fa,full_standardized,countryMexico,0.002846663058624592,0.0026407035473520954,-0.0023387966308264303,0.008032122748075615,0.28144122144938927
fa,full_standardized,countryRussia,-0.0065818441253155755,0.002230702800828074,-0.010962199301661757,-0.002201488948969395,0.0032874640762419706
fa,full_standardized,decade200X,0.0071075548284572155,0.002022397612369026,0.003136241461798834,0.011078868195115596,0.000471702625454009
fa,full_standardized,decade199X,0.007843707661617136,0.002023079336013823,0.003871055617437386,0.011816359705796886,0.00011658230660362987
fa,full_standardized,Sex_Female,0.0033657376722421297,0.0019303067928034372,-0.0004247400860024615,0.007156215430486721,0.0817025835557055
fa,full_standardized,Age_<25,-0.0016074710517825141,0.002829831389911599,-0.007164314649407756,0.003949372545842727,0.5702031471125935
fa,full_standardized,Age_25-34,-0.0009392379289307173,0.002392028036710515,-0.005636381980877265,0.0037579061230158307,0.6947058292564388
fa,full_standardized,Age_45-54,-0.00041416000129701003,0.0022261341263128107,-0.004785543826975344,0.003957223824381325,0.8524686351750135
fa,full_standardized,Age_55-64,-0.0027394146361042868,0.0023051847952639424,-0.007266027570207632,0.0017871982979990584,0.2351267099163974
fa,full_standardized,Age_65-74,-0.0029491233231435797,0.002810425751747311,-0.00846786072950404,0.0025696140832168796,0.2944114149671291
fa,full_standardized,Age_75+,0.003065149961958962,0.002618829941530524,-0.0020773572721267345,0.008207657196044658,0.24226334736323116
fa,full_standardized,Education_Low,-0.0009595550935553978,0.0020226160085011326,-0.004931297317266099,0.0030121871301553036,0.6353668265978609
fa,full_standardized,Education_Middle,-0.00406909238765783,0.0018086799061822376,-0.007620735567761277,-0.0005174492075543831,0.02480222731075737
fa,full_standardized,Employment_Homemaker,-0.0017523380202741647,0.0019913137901700724,-0.005662613143102275,0.0021579371025539453,0.3791935149138635
fa,full_standardized,Employment_Retired,0.005486089694379631,0.003308427298297214,-0.0010105564013178792,0.01198273579007714,0.09776218881956468
fa,full_standardized,Employment_Student,0.00029670582692745205,0.0020768037828721515,-0.003781443085237067,0.004374854739091972,0.8864403895527003
fa,full_standardized,Employment_Unemployed,-5.2935265084162134e-05,0.001794106197655093,-0.0035759605497146037,0.0034700900195462794,0.9764709288739143
fa,full_standardized,Marstat_Cohabiting,-0.0006836399579165057,0.001972446495883408,-0.0045568660170318,0.0031895861011987893,0.7290092223916759
fa,full_standardized,Marstat_Divorced or separated,-0.0002902183019713937,0.0017802532612877398,-0.0037860410468902234,0.003205604442947436,0.8705533621752911
fa,full_standardized,Marstat_Single,0.0073080080602840585,0.002570048901870802,0.0022612904936976323,0.012354725626870485,0.004603645252276401
fa,full_standardized,Marstat_Widowed,-0.00332273149700659,0.0020798060760829793,-0.0074067759101773736,0.0007613129161641932,0.11062050328428247
