model_key,model_label,culture,question,question_label,hours,sessions,sweep_status
llama3_2_3b,Llama-3.2-3B,base,d_happy,Happiness,0.4801391063888889,1,ok
llama3_2_3b,Llama-3.2-3B,base,d_polpos,Politics,0.5213872763888889,1,ok
llama3_2_3b,Llama-3.2-3B,base,d_religiousp,Religion,0.5212415711111111,1,ok
llama3_2_3b,Llama-3.2-3B,base,d_trust,Trust,0.4940733716666667,1,ok
llama3_2_3b,Llama-3.2-3B,german,d_happy,Happiness,0.5368398755555556,1,
llama3_2_3b,Llama-3.2-3B,german,d_polpos,Politics,0.6559388219444444,1,
llama3_2_3b,Llama-3.2-3B,german,d_religiousp,Religion,0.6260062861111111,1,
llama3_2_3b,Llama-3.2-3B,german,d_trust,Trust,0.44129823,1,
llama3_2_3b,Llama-3.2-3B,spanish-mx,d_happy,Happiness,0.18822325722222225,1,
llama3_2_3b,Llama-3.2-3B,spanish-mx,d_polpos,Politics,0.19011449694444446,1,
llama3_2_3b,Llama-3.2-3B,spanish-mx,d_religiousp,Religion,0.2073549425,1,
llama3_2_3b,Llama-3.2-3B,spanish-mx,d_trust,Trust,0.18988910083333335,1,
